{"cameraMode":{"drawMode":0,"name":"Shaded","section":"Shading Mode"},"sceneLighting":true,"audioPlay":false,"sceneViewState":{"showFog":true,"showMaterialUpdate":true,"showSkybox":true,"showFlares":true,"showImageEffects":true,"showParticleSystems":true},"in2DMode":false,"pivot":{"x":-7.983303070068359,"y":7.293270111083984,"z":-1.0132825374603272},"rotation":{"x":0.062133368104696277,"y":0.44064345955848696,"z":-0.030588658526539804,"w":0.8950085639953613},"size":22.0,"orthographic":false}